Keyword,Intent,Volume,Keyword Difficulty,CPC (USD)
bitcoin trading software,,10,,0.00
all in one bitcoin trading software,,0,,0.00
arbitrage trading software bitcoin,,0,,0.00
artificial intelligence trading software bitcoin,,0,,0.00
auto bitcoin trading software,,0,,0.00
automated bitcoin trading software,,0,,0.00
automated trading software bitcoin,,0,,0.00
best bitcoin trading software,,0,,0.00
best software for bitcoin trading,,0,,0.00
bitcoin api trading software,,0,,0.00
bitcoin arbitrage trading software,,0,,0.00
bitcoin auto trading software,,0,,0.00
bitcoin automated trading software,,0,,0.00
bitcoin code trading software,,0,,0.00
bitcoin day trading software,,0,,0.00
bitcoin desktop trading software,,0,,0.00
bitcoin market trend trading software,,0,,0.00
bitcoin mining automated trading software,,0,,0.00
bitcoin software trading,,0,,0.00
bitcoin trading bot software,,0,,0.00
bitcoin trading platform software,,0,,0.00
bitcoin trading robot software,,0,,0.00
bitcoin trading software australia,,0,,0.00
bitcoin trading software bot,,0,,0.00
bitcoin trading software download,,0,,0.00
bitcoin trading software erfahrungen,,0,,0.00
bitcoin trading software free,,0,,0.00
bitcoin trading software linux,,0,,0.00
bitcoin trading software mac,,0,,0.00
bitcoin trading software open source,,0,,0.00
bitcoin trading software quora,,0,,0.00
bitcoin trading software reddit,,0,,0.00
bitcoin trading software reviews,,0,,0.00
bitcoin trading software windows,,0,,0.00
cryptocurrency trading platform bitcoin trading platform software,,0,,0.00
day trading software bitcoin,,0,,0.00
free bitcoin trading software,,0,,0.00
guide to creating bitcoin trading software,,0,,0.00
hardware software system bitcoin trading,,0,,0.00
high frequency trading software bitcoin,,0,,0.00
how to start otc trading desk for bitcoin software,,0,,0.00
is bitcoin trading software legit,,0,,0.00
otc bitcoin trading software,,0,,0.00
software for bitcoin trading,,0,,0.00
software for bitcoin trading automatically,,0,,0.00
software for trading bitcoin,,0,,0.00
software trading bitcoin,,0,,0.00
trading bitcoin software,,0,,0.00
trading platform software bitcoin,,0,,0.00
trading software bitcoin,,0,,0.00
trading software for bitcoin,,0,,0.00
